<Customization level="1" description="Version 2021-07-14" product-version="21.109">
    <File AppRelativePath="Bin\AH.Objects.dll" FileID="b376ee0e-af2f-4eb9-b7c8-9096b64f2e89" />
    <File AppRelativePath="Pages\AH\AH300010.aspx" FileID="d3959f33-661b-4a46-aa53-af14fb9c9a4c" />
    <File AppRelativePath="Pages\AH\AH300010.aspx.cs" FileID="c020a2e7-b3fa-4377-8fc0-60bbaca759a9" />
    <File AppRelativePath="Pages\AH\AH400010.aspx" FileID="2ad0db13-db0a-4989-a3f5-a2d47e0406bd" />
    <File AppRelativePath="Pages\AH\AH400010.aspx.cs" FileID="b6a2d9c1-1d98-4a10-aec8-bf295b3fbd86" />
    <SiteMapNode>
        <data-set>
            <relations format-version="3" relations-version="20190730" main-table="SiteMap">
                <link from="MUIScreen (NodeID)" to="SiteMap (NodeID)" />
                <link from="MUIWorkspace (WorkspaceID)" to="MUIScreen (WorkspaceID)" type="FromMaster" linkname="workspaceToScreen" split-location="yes" updateable="True" />
                <link from="MUISubcategory (SubcategoryID)" to="MUIScreen (SubcategoryID)" type="FromMaster" updateable="True" />
                <link from="MUITile (ScreenID)" to="SiteMap (ScreenID)" />
                <link from="MUIWorkspace (WorkspaceID)" to="MUITile (WorkspaceID)" type="FromMaster" linkname="workspaceToTile" split-location="yes" updateable="True" />
                <link from="MUIArea (AreaID)" to="MUIWorkspace (AreaID)" type="FromMaster" updateable="True" />
                <link from="MUIPinnedScreen (NodeID, WorkspaceID)" to="MUIScreen (NodeID, WorkspaceID)" type="WeakIfEmpty" isEmpty="Username" />
                <link from="MUIFavoriteWorkspace (WorkspaceID)" to="MUIWorkspace (WorkspaceID)" type="WeakIfEmpty" isEmpty="Username" />
            </relations>
            <layout>
                <table name="SiteMap">
                    <table name="MUIScreen" uplink="(NodeID) = (NodeID)">
                        <table name="MUIPinnedScreen" uplink="(NodeID, WorkspaceID) = (NodeID, WorkspaceID)" />
                    </table>
                    <table name="MUITile" uplink="(ScreenID) = (ScreenID)" />
                </table>
                <table name="MUIWorkspace">
                    <table name="MUIFavoriteWorkspace" uplink="(WorkspaceID) = (WorkspaceID)" />
                </table>
                <table name="MUISubcategory" />
                <table name="MUIArea" />
            </layout>
            <data>
                <SiteMap>
                    <row Title="Devices" Url="~/Pages/AH/AH300010.aspx" ScreenID="AH300010" NodeID="5dd75a4d-3ded-447a-8535-b6b086485d5c" ParentID="00000000-0000-0000-0000-000000000000">
                        <MUIScreen IsPortal="0" WorkspaceID="a7303716-fc3e-45f7-ae84-5f5ea75a8204" Order="50.1" SubcategoryID="6d40b0b6-18f4-4139-adac-8ec8cb2a17ea" />
                    </row>
                </SiteMap>
                <MUIWorkspace>
                    <row IsPortal="0" WorkspaceID="a7303716-fc3e-45f7-ae84-5f5ea75a8204" Order="784.75" Title="Integration" Icon="device_hub" AreaID="3635ea7d-0975-48ff-b4ac-a870f7e1e8b5" ScreenID="WSIT0000" IsSystem="0" />
                </MUIWorkspace>
                <MUISubcategory>
                    <row IsPortal="0" SubcategoryID="6d40b0b6-18f4-4139-adac-8ec8cb2a17ea" Order="128" Name="Profiles" Icon="" IsSystem="0" />
                </MUISubcategory>
                <MUIArea>
                    <row IsPortal="0" AreaID="3635ea7d-0975-48ff-b4ac-a870f7e1e8b5" Order="30" Name="Configuration" />
                </MUIArea>
            </data>
        </data-set>
    </SiteMapNode>
    <Sql TableName="IoTDevice" TableSchemaXml="#CDATA">
        <CDATA name="TableSchemaXml"><![CDATA[<table name="IoTDevice">
  <col name="CompanyID" type="Int" default="Zero" />
  <col name="DeviceID" type="Int" identity="true" />
  <col name="DeviceCD" type="NVarChar(50)" />
  <col name="DeviceName" type="NVarChar(60)" />
  <col name="AcumaticaEntityType" type="NVarChar(30)" nullable="true" />
  <col name="RefNoteID" type="UniqueIdentifier" nullable="true" />
  <col name="Latitude" type="Decimal(11,8)" nullable="true" />
  <col name="Longitude" type="Decimal(11,8)" nullable="true" />
  <col name="Zone" type="NVarChar(60)" nullable="true" />
  <col name="AddressID" type="Int" nullable="true" />
  <col name="AutoPurgeDataTimeSpan" type="Int" nullable="true" />
  <col name="PayLineCtr" type="Int" nullable="true" />
  <col name="LocLineCtr" type="Int" nullable="true" />
  <col name="NoteID" type="UniqueIdentifier" />
  <col name="CreatedByID" type="UniqueIdentifier" />
  <col name="CreatedByScreenID" type="Char(8)" />
  <col name="CreatedDateTime" type="DateTime" />
  <col name="LastModifiedByID" type="UniqueIdentifier" />
  <col name="LastModifiedByScreenID" type="Char(8)" />
  <col name="LastModifiedDateTime" type="DateTime" />
  <col name="tstamp" type="Timestamp" />
  <index name="IoTDevice_PK" clustered="true" primary="true" unique="true">
    <col name="CompanyID" />
    <col name="DeviceID" />
  </index>
</table>]]></CDATA>
    </Sql>
    <Sql TableName="IoTDeviceLocationBreadCrumb" TableSchemaXml="#CDATA">
        <CDATA name="TableSchemaXml"><![CDATA[<table name="IoTDeviceLocationBreadCrumb">
  <col name="CompanyID" type="Int" default="Zero" />
  <col name="DeviceID" type="Int" />
  <col name="LineNbr" type="Int" />
  <col name="DeviceCD" type="NVarChar(50)" />
  <col name="Latitude" type="Decimal(11,8)" nullable="true" />
  <col name="Longitude" type="Decimal(11,8)" nullable="true" />
  <col name="ZoneXCoordinate" type="Decimal(11,8)" nullable="true" />
  <col name="ZoneYCooridinate" type="Decimal(11,8)" nullable="true" />
  <col name="Time" type="DateTime" nullable="true" />
  <index name="IoTDeviceLocationBreadCrumb_PK" clustered="true" primary="true" unique="true">
    <col name="CompanyID" />
    <col name="DeviceID" />
    <col name="LineNbr" />
  </index>
</table>]]></CDATA>
    </Sql>
    <Sql TableName="IoTDevicePayloadData" TableSchemaXml="#CDATA">
        <CDATA name="TableSchemaXml"><![CDATA[<table name="IoTDevicePayloadData">
  <col name="CompanyID" type="Int" default="Zero" />
  <col name="DeviceID" type="Int" />
  <col name="LineNbr" type="Int" />
  <col name="DeviceCD" type="NVarChar(50)" />
  <col name="Payload" type="NVarChar(MAX)" nullable="true" />
  <col name="PayloadType" type="NVarChar(20)" nullable="true" />
  <col name="QueryParameters" type="NVarChar(255)" nullable="true" />
  <col name="NoteID" type="UniqueIdentifier" />
  <col name="CreatedByID" type="UniqueIdentifier" />
  <col name="CreatedByScreenID" type="Char(8)" />
  <col name="CreatedDateTime" type="DateTime" />
  <col name="LastModifiedByID" type="UniqueIdentifier" />
  <col name="LastModifiedByScreenID" type="Char(8)" />
  <col name="LastModifiedDateTime" type="DateTime" />
  <col name="tstamp" type="Timestamp" />
  <index name="IoTDevicePayloadData_PK" clustered="true" primary="true" unique="true">
    <col name="CompanyID" />
    <col name="DeviceID" />
    <col name="LineNbr" />
  </index>
</table>]]></CDATA>
    </Sql>
    <Webhook>
        <data-set>
            <relations format-version="3" relations-version="20160101" main-table="WebHook" />
            <layout>
                <table name="WebHook" />
            </layout>
            <data>
                <WebHook>
                    <row WebHookID="e4098989-89e2-437b-827a-3432ad47db69" Name="HomieHook" Handler="AH.Objects.AHIG.HomieHook" IsActive="1" IsSystem="0" RequestLogLevel="2" RequestRetainCount="10" NoteID="1a0d467a-4ee7-eb11-8341-f8597177a307" />
                </WebHook>
            </data>
        </data-set>
    </Webhook>
</Customization>